matched_id,parking_name,parking_addr,parking_type,parking_spaces,best_grade,best_distance_m,ev_station_count,best_statId,best_charger_name,evidence
157-4-000007,엠스퀘어플러스,대구 달성군 유가읍 테크노상업로 120,민영,288,STRONG,0.0,2,PI763522,엠스퀘어플러스,좌표 거리 0.0m · 충전소명·주차장명 유사 · 주소 번지 숫자 일치
150-4-000113,동아백화점 쇼핑점 주차장,대구 중구 달구벌대로 2085,민영,90,STRONG,0.0,3,HY000914,대구 동아백화점 쇼핑점,좌표 거리 0.0m · 충전소명·주차장명 유사 · 주소 번지 숫자 일치
154-2-000028,산격4동 유료 공영주차장,대구광역시 북구 산격로19길 4,공영,62,STRONG,0.5,1,ME25C173,산격4동 공영주차장,좌표 거리 0.5m · 주소 번지 숫자 일치
154-2-000032,서변1 공영주차장,대구광역시 북구 서변동 1778,공영,82,STRONG,0.5,5,CV001127,시설공단대구_서변1 공영주차장,좌표 거리 0.5m · 충전소명·주차장명 유사
150-2-000017,서문주차빌딩 주차장,대구광역시 중구 큰장로 26길 45,공영,640,STRONG,0.8,1,CV003482,대구시_서문주차빌딩,좌표 거리 0.8m · 충전소명·주차장명 유사 · 주소 번지 숫자 일치
155-2-000010,범어공영주차장(2급지),대구광역시 수성구 범어동 248-1,공영,62,STRONG,0.8,1,CV001701,범어공영주차장,좌표 거리 0.8m · 충전소명·주차장명 유사 · 주소 번지 숫자 일치
156-3-000001,달서구청,대구 달서구 학산로 45,공영,193,STRONG,0.8,4,CV003484,대구시_달서구청,좌표 거리 0.8m · 충전소명·주차장명 유사 · 주소 번지 숫자 일치
156-2-000031,상인공영주차장,대구시 달서구 상인동 1510,공영,279,STRONG,1.1,4,CV002181,상인공영주차장,좌표 거리 1.1m · 충전소명·주차장명 유사
154-4-000022,동아아울렛 강북점 주차장,대구 북구 칠곡중앙대로 416,민영,398,STRONG,2.0,2,HY000896,대구 동아아울렛 강북점,좌표 거리 2.0m · 충전소명·주차장명 유사 · 주소 번지 숫자 일치
155-4-000030,동아백화점 수성점 주차장,대구 수성구 지범로 191,민영,499,STRONG,3.2,1,HY000912,대구 동아백화점 수성점,좌표 거리 3.2m · 충전소명·주차장명 유사 · 주소 번지 숫자 일치
156-4-000012,롯데백화점 상인점 주차장,대구 달서구 월배로 232,민영,631,STRONG,3.2,2,PI306072,롯데백화점상인점,좌표 거리 3.2m · 충전소명·주차장명 유사 · 주소 번지 숫자 일치
156-4-000014,이마트월배점,대구 달서구 진천로 92,민영,1124,STRONG,3.9,4,ST272924,이마트 월배점,좌표 거리 3.9m · 충전소명·주차장명 유사 · 주소 번지 숫자 일치
153-2-000003,양지로 공영주차장,대구광역시 남구 대명3동 2152-5번지,공영,34,STRONG,4.7,1,KP003776,양지로공영주차장,좌표 거리 4.7m · 충전소명·주차장명 유사
156-2-000057,성서 용산시장 주차장,대구시 달서구 용산동 448-6,공영,36,STRONG,4.9,1,KP005769,성서용산시장공영주차장,좌표 거리 4.9m · 충전소명·주차장명 유사
154-2-000047,칠성공영주차장,대구 북구 칠성남로 196,공영,150,STRONG,5.9,1,CV001592,칠성공영주차장,좌표 거리 5.9m · 충전소명·주차장명 유사 · 주소 번지 숫자 일치
155-2-000059,시지근린공원 공영주차장,대구광역시 수성구 달구벌대로 637길 5,공영,139,STRONG,6.1,5,ME184070,시지근린공원 공영주차장,좌표 거리 6.1m · 충전소명·주차장명 유사 · 주소 번지 숫자 일치
156-2-000010,월광 2주차장,대구시 달서구 도원동 1083,공영,79,STRONG,7.0,1,CV001494,대구 월광주차장,좌표 거리 7.0m · 주소 번지 숫자 일치
154-2-000054,팔달신시장공영주차장,대구광역시 북구 노원로 32,공영,158,STRONG,7.0,2,CV001589,팔달공영주차장,좌표 거리 7.0m · 주소 번지 숫자 일치
151-2-000012,율암동 공영주차장,대구광역시 동구 율암동 524-416,공영,30,STRONG,8.3,1,ME18C259,율암동 공영주차장,좌표 거리 8.3m · 충전소명·주차장명 유사 · 주소 번지 숫자 일치
156-2-000046,송현1동 2공영주차장,대구시 달서구 송현동 1971-2,공영,27,STRONG,8.9,1,CV003100,대구시_송현1동2공영주차장,좌표 거리 8.9m · 충전소명·주차장명 유사 · 주소 번지 숫자 일치
156-2-000085,성서2주차장,대구 달서구 성서동로 293,공영,131,STRONG,9.3,1,CV003800,대구시_성서2공영주차장,좌표 거리 9.3m · 주소 번지 숫자 일치
151-2-000002,반야월 서편공영주차장,대구광역시 동구 신기동 174,공영,69,STRONG,9.8,1,CV003116,대구시_반야월공영주차장,좌표 거리 9.8m · 주소 번지 숫자 일치
156-2-000040,월곡공영주차장,대구시 달서구 상인동 899,공영,59,STRONG,9.9,4,CV001635,대구월곡공영주차장,좌표 거리 9.9m · 충전소명·주차장명 유사
154-2-000058,서리지2주차장,대구광역시 북구 동호동 산35-3,공영,89,STRONG,10.0,1,CV002302,서리지 주차장,좌표 거리 10.0m · 주소 번지 숫자 일치
154-2-000033,서변2 공영주차장,대구광역시 북구 서변동 1792,공영,85,STRONG,10.0,2,CV001581,서변2공영주차장,좌표 거리 10.0m · 충전소명·주차장명 유사
361-2-000046,효령면행정복지센터 주차장,대구광역시 군위군 효령면 치산효령로 2400,공영,38,STRONG,10.5,2,ME24B144,효령면행정복지센터,좌표 거리 10.5m · 충전소명·주차장명 유사 · 주소 번지 숫자 일치
151-1-000004,공항3차아파트 (북),대구광역시 동구 도동 20-5,공영,17,STRONG,10.6,1,HM001632,공항3차아파트,좌표 거리 10.6m · 충전소명·주차장명 유사
156-2-000028,달서시장 주차장,대구시 달서구 본리동 110-5,공영,103,STRONG,12.3,2,KP004416,달서시장 공영주차장,좌표 거리 12.3m · 충전소명·주차장명 유사
156-2-000034,상인1공영주차장,대구광역시 달서구 상인서로 20,공영,84,STRONG,12.4,2,CV002034,상인1공영주차장,좌표 거리 12.4m · 충전소명·주차장명 유사
151-2-000051,망우당공원 공영주차장(택시 쉼터),대구 동구 효동로2길 93,공영,40,STRONG,12.7,1,ME23B186,망우당공원 택시쉼터,좌표 거리 12.7m · 주소 번지 숫자 일치
156-2-000002,서남시장 주차장,대구시 달서구 감삼동 54-8,공영,30,STRONG,12.8,1,ME20C183,서남시장공영주차장,좌표 거리 12.8m · 충전소명·주차장명 유사
156-2-000060,용산1공영주차장,대구시 달서구 용산동 933-4,공영,73,STRONG,12.8,2,CV001710,용산1공영주차장,좌표 거리 12.8m · 충전소명·주차장명 유사
155-2-000054,외환들 공영주차장,대구광역시 수성구 삼덕동 360-4,공영,642,STRONG,13.2,1,CV002163,외환들공영주차장,좌표 거리 13.2m · 충전소명·주차장명 유사
152-2-000024,달서교하부공영주차장(화물차전용주차장),대구광역시 서구 이현동 423-4번지,공영,80,STRONG,13.5,1,CV001623,달서교하부공영주차장,좌표 거리 13.5m · 충전소명·주차장명 유사
152-2-000027,서구청소년수련관,대구광역시 서구 이현동 48-8번지,공영,35,STRONG,13.8,1,CV002915,대구시_대구서구청소년수련관,좌표 거리 13.8m · 충전소명·주차장명 유사
155-2-000062,신매2공영주차장,대구광역시 수성구 신매동 568,공영,55,STRONG,13.8,1,CV001121,시설공단대구_신매2 공영주차장,좌표 거리 13.8m · 충전소명·주차장명 유사
155-2-000057,노변공영주차장,대구광역시 수성구 시지동 490,공영,60,STRONG,14.0,1,KP003775,노변공영주차장,좌표 거리 14.0m · 충전소명·주차장명 유사
156-2-000014,월광 1주차장,대구시 달서구 도원동 928,공영,169,STRONG,14.0,2,CV003066,대구시_월광수변공원주차장,좌표 거리 14.0m · 주소 번지 숫자 일치
150-1-000172,동인동행정복지센터 앞 노상무료,대구광역시 중구 동인동4가 318-5,공영,1,STRONG,14.1,2,DG110009,동인동행정복지센터,좌표 거리 14.1m · 충전소명·주차장명 유사
153-2-000012,성당시장 공영주차장,대구광역시 남구 대명4동 3024-6번지,공영,59,STRONG,14.3,1,CV001970,성당시장 공영주차장,좌표 거리 14.3m · 충전소명·주차장명 유사
150-2-000033,측백향 커뮤니티센터 주차장,대구 동구 도평로 245,공영,23,STRONG,14.6,1,CV000979,대구시_도동 측백향커뮤니티센터,좌표 거리 14.6m · 충전소명·주차장명 유사 · 주소 번지 숫자 일치
153-2-000033,강당골 공영주차장,대구광역시 남구 봉덕3동 1272-18번지,공영,179,STRONG,14.6,2,DO000034,강당골 공영주차장,좌표 거리 14.6m · 충전소명·주차장명 유사
156-2-000012,도원동 마을공영주차장,대구시 달서구 도원동 668-10,공영,11,STRONG,14.8,2,ME18C176,도원동마을공영주차장,좌표 거리 14.8m · 충전소명·주차장명 유사 · 주소 번지 숫자 일치
156-2-000023,학산공원 삼거리 주차장,대구시 달서구 본동 1119,공영,73,STRONG,15.2,2,ME25C167,학산공원 삼거리 주차장,좌표 거리 15.2m · 충전소명·주차장명 유사
151-2-000041,갓바위 1공영주차장,대구광역시 동구 진인동 123-30,공영,60,STRONG,15.5,1,CV002394,갓바위1공영주차장,좌표 거리 15.5m · 충전소명·주차장명 유사 · 주소 번지 숫자 일치
156-2-000081,호림1공영주차장,대구시 달서구 호림동 13-10,공영,201,STRONG,16.1,2,CV001123,시설공단대구_호림1 공영주차장,좌표 거리 16.1m · 충전소명·주차장명 유사
156-2-000013,수밭근린공원주차장,대구시 달서구 도원동 885-2,공영,86,STRONG,16.8,1,ME25C277,수밭근린공원 주차장,좌표 거리 16.8m · 충전소명·주차장명 유사
361-3-000001,"군위군민회관, 군위노인복지회관 주차장",대구 군위군 군위읍 군청로 98-6,공영,11,STRONG,17.7,1,ME22C193,군위군노인복지관,좌표 거리 17.7m · 주소 번지 숫자 일치
151-2-000014,안심 2동 공영주차장,대구광역시 동구 용계동 923-3,공영,17,STRONG,18.1,1,ME18C178,안심2동 공영주차장,좌표 거리 18.1m · 충전소명·주차장명 유사 · 주소 번지 숫자 일치
156-2-000051,달서별빛캠프 주차장,대구시 달서구 송현동 산56,공영,405,STRONG,18.3,1,ME18C255,달서별빛캠프 캠핑장,좌표 거리 18.3m · 충전소명·주차장명 유사 · 주소 번지 숫자 일치
151-2-000007,방촌 공영주차장(방촌시장),대구광역시 동구 방촌동 1072-1,공영,47,STRONG,18.5,1,CV001971,방촌공영주차장,좌표 거리 18.5m · 충전소명·주차장명 유사
156-2-000072,장기공영주차장,대구시 달서구 장기동 817-1,공영,25,STRONG,18.5,2,CV000502,대구시_장기공영주차장,좌표 거리 18.5m · 충전소명·주차장명 유사 · 주소 번지 숫자 일치
156-2-000038,청소년수련관 공영주차장,대구시 달서구 상인동 1593,공영,195,STRONG,19.1,1,CV001493,대구달서구 청소년수련관 공영주차장,좌표 거리 19.1m · 충전소명·주차장명 유사
156-2-000011,월광 5주차장,대구시 달서구 도원동 1176-1,공영,54,STRONG,19.9,1,CV002324,월광5주차장,좌표 거리 19.9m · 주소 번지 숫자 일치
155-1-000143,수성알파시티 전기충전주차장 1,대구 수성구 대흥동 863,공영,3,STRONG,19.9,2,CV000048,대구시_수성의료지구(대구도시공사),좌표 거리 19.9m · 주소 번지 숫자 일치
