collected_at,occ_mean,occ_median,lots,만차(점유 90%초과),보통(점유 70%미만),여유(점유 50%미만),혼잡(점유 90%미만)
2026-07-23 15:26:52,58.71819047619047,60.69,106,20.952380952380953,20.952380952380953,40.0,18.095238095238095
2026-07-24 14:13:22,59.522571428571425,62.96,106,24.761904761904763,18.095238095238095,40.95238095238095,16.19047619047619
2026-07-24 14:14:29,59.51361904761905,62.96,106,24.761904761904763,18.095238095238095,40.95238095238095,16.19047619047619
2026-07-24 14:17:53,59.75866666666666,62.96,106,23.809523809523807,18.095238095238095,40.0,18.095238095238095
2026-07-24 14:20:02,59.800761904761906,62.33,106,23.809523809523807,18.095238095238095,40.0,18.095238095238095
2026-07-24 14:30:03,59.77209523809523,62.96,106,23.809523809523807,19.047619047619047,39.04761904761905,18.095238095238095
2026-07-24 14:38:01,59.59628571428571,62.72,106,23.809523809523807,20.952380952380953,39.04761904761905,16.19047619047619
2026-07-24 14:40:12,59.66628571428571,62.76,106,23.809523809523807,20.0,39.04761904761905,17.142857142857142
2026-07-24 14:50:03,59.379428571428576,62.44,106,23.809523809523807,19.047619047619047,40.0,17.142857142857142
2026-07-24 15:00:03,59.11952380952381,61.52,106,21.904761904761905,20.0,39.04761904761905,19.047619047619047
2026-07-24 15:10:02,58.99304761904762,61.7,106,22.857142857142858,20.952380952380953,38.095238095238095,18.095238095238095
2026-07-24 15:20:02,59.20847619047619,62.96,106,22.857142857142858,20.0,39.04761904761905,18.095238095238095
2026-07-24 15:30:11,58.78885714285714,62.37,106,21.904761904761905,18.095238095238095,40.0,20.0
2026-07-24 15:40:03,58.57923809523809,62.5,106,20.952380952380953,15.238095238095239,41.904761904761905,21.904761904761905
2026-07-24 15:50:02,58.442190476190476,61.7,106,20.952380952380953,16.19047619047619,42.857142857142854,20.0
2026-07-24 16:00:03,58.14990476190476,62.5,106,22.857142857142858,15.238095238095239,41.904761904761905,20.0
2026-07-24 16:10:12,57.50857142857142,60.42,106,20.952380952380953,14.285714285714285,43.80952380952381,20.952380952380953
2026-07-24 16:20:02,56.84142857142857,60.69,106,17.142857142857142,13.333333333333334,43.80952380952381,25.71428571428571
2026-07-24 16:30:12,56.318285714285715,61.33,106,20.0,17.142857142857142,43.80952380952381,19.047619047619047
2026-07-24 16:40:03,56.28295238095238,59.81,106,20.0,13.333333333333334,45.714285714285715,20.952380952380953
2026-07-24 16:50:02,55.82485714285714,56.33,106,19.047619047619047,17.142857142857142,43.80952380952381,20.0
2026-07-24 17:00:11,55.11409523809523,55.72,106,17.142857142857142,16.19047619047619,45.714285714285715,20.952380952380953
2026-07-24 17:10:02,54.093428571428575,55.56,106,14.285714285714285,13.333333333333334,47.61904761904761,24.761904761904763
2026-07-24 17:20:02,53.15819047619047,50.7,106,15.238095238095239,13.333333333333334,49.523809523809526,21.904761904761905
2026-07-24 17:30:12,53.14552380952381,50.0,106,13.333333333333334,11.428571428571429,50.476190476190474,24.761904761904763
2026-07-24 17:40:02,52.63838095238095,51.43,106,13.333333333333334,14.285714285714285,48.57142857142857,23.809523809523807
2026-07-24 17:50:21,52.05952380952381,48.98,106,14.285714285714285,12.380952380952381,50.476190476190474,22.857142857142858
2026-07-24 18:00:11,50.98047619047619,47.17,106,12.380952380952381,14.285714285714285,50.476190476190474,22.857142857142858
2026-07-24 18:10:02,48.54742857142857,45.0,106,12.380952380952381,19.047619047619047,53.333333333333336,15.238095238095239
2026-07-24 18:20:02,46.95352380952381,44.9,106,10.576923076923077,21.153846153846153,53.84615384615385,14.423076923076922
2026-07-24 18:30:02,46.912190476190474,44.78,106,11.538461538461538,19.230769230769234,56.730769230769226,12.5
2026-07-24 18:40:12,47.030857142857144,44.9,106,14.423076923076922,17.307692307692307,57.692307692307686,10.576923076923077
2026-07-24 18:50:12,47.976571428571425,44.71,106,14.423076923076922,13.461538461538462,57.692307692307686,14.423076923076922
2026-07-24 19:00:02,47.73314285714286,44.44,106,15.384615384615385,11.538461538461538,58.65384615384615,14.423076923076922
2026-07-24 19:10:02,47.962095238095245,45.65,106,18.269230769230766,11.538461538461538,59.61538461538461,10.576923076923077
2026-07-24 19:20:11,48.528190476190474,44.44,106,20.192307692307693,7.6923076923076925,59.61538461538461,12.5
2026-07-24 19:30:03,48.43266666666667,44.44,106,18.269230769230766,7.6923076923076925,59.61538461538461,14.423076923076922
2026-07-24 19:40:02,48.31666666666667,43.84,106,18.269230769230766,9.615384615384617,56.730769230769226,15.384615384615385
2026-07-24 19:50:11,48.13466666666667,43.61,106,17.307692307692307,12.5,55.769230769230774,14.423076923076922
2026-07-24 20:00:02,48.09847619047619,41.75,106,17.307692307692307,12.5,55.769230769230774,14.423076923076922
2026-07-24 20:10:02,47.44057142857143,40.58,106,15.384615384615385,10.576923076923077,56.730769230769226,17.307692307692307
2026-07-24 20:20:02,46.99838095238095,39.16,106,16.346153846153847,8.653846153846153,58.65384615384615,16.346153846153847
2026-07-24 20:30:03,46.22514285714286,38.55,106,13.461538461538462,9.615384615384617,59.61538461538461,17.307692307692307
2026-07-24 20:40:12,46.07190476190476,38.25,106,12.5,9.615384615384617,59.61538461538461,18.269230769230766
2026-07-24 20:50:02,45.30952380952381,37.07,106,12.5,8.653846153846153,59.61538461538461,19.230769230769234
2026-07-24 21:00:10,44.800666666666665,37.07,106,12.5,12.5,60.57692307692307,14.423076923076922
2026-07-24 21:10:12,43.562571428571424,35.23,106,8.653846153846153,11.538461538461538,60.57692307692307,19.230769230769234
2026-07-24 21:20:02,43.241523809523805,34.18,106,9.615384615384617,11.538461538461538,61.53846153846154,17.307692307692307
2026-07-24 21:30:03,42.641047619047626,33.97,106,9.615384615384617,11.538461538461538,61.53846153846154,17.307692307692307
2026-07-24 21:40:11,42.129619047619045,33.86,106,9.70873786407767,13.592233009708737,61.165048543689316,15.53398058252427
2026-07-24 21:50:02,41.46980952380952,33.33,106,8.737864077669903,13.592233009708737,62.13592233009708,15.53398058252427
2026-07-24 22:00:02,40.987809523809524,32.84,106,8.653846153846153,13.461538461538462,62.5,15.384615384615385
2026-07-24 22:10:03,40.11857142857143,32.84,106,7.766990291262135,14.563106796116504,64.07766990291263,13.592233009708737
2026-07-24 22:20:02,39.49133333333334,30.99,106,7.766990291262135,12.62135922330097,65.0485436893204,14.563106796116504
2026-07-24 22:30:03,38.827238095238094,30.77,106,7.766990291262135,10.679611650485436,66.99029126213593,14.563106796116504
2026-07-24 22:40:02,38.092,30.77,106,6.796116504854369,13.592233009708737,67.96116504854369,11.650485436893204
2026-07-24 22:50:02,37.633047619047616,29.73,106,5.825242718446602,15.53398058252427,66.99029126213593,11.650485436893204
2026-07-24 23:00:10,37.03371428571428,30.0,106,3.8461538461538463,13.461538461538462,68.26923076923077,14.423076923076922
2026-07-24 23:10:02,36.49580952380953,30.95,106,4.807692307692308,17.307692307692307,68.26923076923077,9.615384615384617
2026-07-24 23:20:03,35.49152380952381,29.33,106,3.8461538461538463,15.384615384615385,71.15384615384616,9.615384615384617
2026-07-24 23:30:11,34.9087619047619,29.33,106,4.807692307692308,13.461538461538462,73.07692307692307,8.653846153846153
2026-07-24 23:40:02,34.42219047619047,28.99,106,3.8461538461538463,12.5,74.03846153846155,9.615384615384617
2026-07-24 23:50:02,34.24066666666667,28.99,106,3.8461538461538463,13.461538461538462,74.03846153846155,8.653846153846153
2026-07-25 00:00:10,33.721714285714285,28.65,106,3.8461538461538463,11.538461538461538,76.92307692307693,7.6923076923076925
2026-07-25 00:10:02,33.07438095238095,27.08,106,3.8461538461538463,11.538461538461538,76.92307692307693,7.6923076923076925
2026-07-25 00:20:10,32.57961904761905,27.08,106,3.8461538461538463,8.653846153846153,80.76923076923077,6.730769230769231
2026-07-25 00:30:03,32.421238095238095,27.08,106,3.8461538461538463,8.653846153846153,80.76923076923077,6.730769230769231
2026-07-25 00:40:12,32.09095238095238,27.08,106,3.8461538461538463,8.653846153846153,80.76923076923077,6.730769230769231
2026-07-25 00:50:02,31.758285714285712,26.32,106,3.8461538461538463,8.653846153846153,81.73076923076923,5.769230769230769
2026-07-25 01:00:03,31.616952380952384,26.32,106,3.8461538461538463,8.653846153846153,80.76923076923077,6.730769230769231
2026-07-25 01:10:02,31.29561904761905,25.37,106,3.8461538461538463,9.615384615384617,80.76923076923077,5.769230769230769
2026-07-25 01:20:10,30.972380952380952,25.37,106,3.8461538461538463,10.576923076923077,80.76923076923077,4.807692307692308
2026-07-25 01:30:02,30.769333333333336,25.37,106,3.8461538461538463,9.615384615384617,81.73076923076923,4.807692307692308
2026-07-25 01:40:02,30.633142857142857,25.37,106,3.8461538461538463,8.653846153846153,82.6923076923077,4.807692307692308
2026-07-25 01:50:02,30.409047619047616,25.0,106,3.8461538461538463,8.653846153846153,82.6923076923077,4.807692307692308
2026-07-25 02:00:03,30.16247619047619,23.75,106,3.8461538461538463,8.653846153846153,82.6923076923077,4.807692307692308
2026-07-25 02:10:02,30.05,23.63,106,3.8461538461538463,8.653846153846153,82.6923076923077,4.807692307692308
2026-07-25 02:20:01,29.930285714285713,23.08,106,3.8461538461538463,8.653846153846153,82.6923076923077,4.807692307692308
2026-07-25 02:30:02,29.785047619047617,21.62,106,3.8461538461538463,8.653846153846153,82.6923076923077,4.807692307692308
2026-07-25 02:40:03,29.650190476190478,21.62,106,3.8461538461538463,7.6923076923076925,83.65384615384616,4.807692307692308
2026-07-25 02:50:02,29.51085714285714,21.49,106,3.8461538461538463,7.6923076923076925,83.65384615384616,4.807692307692308
2026-07-25 03:00:12,29.487619047619045,21.31,106,3.8461538461538463,7.6923076923076925,83.65384615384616,4.807692307692308
2026-07-25 03:10:02,29.46742857142857,21.31,106,3.8461538461538463,8.653846153846153,82.6923076923077,4.807692307692308
2026-07-25 03:20:02,29.362761904761907,21.08,106,3.8461538461538463,10.576923076923077,81.73076923076923,3.8461538461538463
2026-07-25 03:30:02,29.19838095238095,21.08,106,3.8461538461538463,9.615384615384617,82.6923076923077,3.8461538461538463
2026-07-25 03:40:12,29.142952380952384,20.59,106,3.8461538461538463,10.576923076923077,81.73076923076923,3.8461538461538463
2026-07-25 03:50:02,29.145619047619046,21.08,106,4.807692307692308,9.615384615384617,81.73076923076923,3.8461538461538463
2026-07-25 04:00:03,29.211142857142857,21.05,106,4.807692307692308,8.653846153846153,82.6923076923077,3.8461538461538463
2026-07-25 04:10:12,29.23647619047619,21.08,106,4.807692307692308,8.653846153846153,82.6923076923077,3.8461538461538463
2026-07-25 04:20:10,29.10752380952381,20.97,106,4.807692307692308,7.6923076923076925,83.65384615384616,3.8461538461538463
2026-07-25 04:30:03,29.24809523809524,20.97,106,4.807692307692308,7.6923076923076925,83.65384615384616,3.8461538461538463
2026-07-25 04:40:12,29.314380952380954,21.08,106,4.807692307692308,7.6923076923076925,83.65384615384616,3.8461538461538463
2026-07-25 04:50:02,29.336380952380953,21.08,106,4.807692307692308,8.653846153846153,82.6923076923077,3.8461538461538463
2026-07-25 05:00:02,29.35752380952381,21.08,106,4.807692307692308,9.615384615384617,81.73076923076923,3.8461538461538463
2026-07-25 05:10:02,29.47533333333333,21.08,106,4.807692307692308,9.615384615384617,81.73076923076923,3.8461538461538463
2026-07-25 05:20:02,29.594761904761903,21.08,106,4.807692307692308,9.615384615384617,81.73076923076923,3.8461538461538463
2026-07-25 05:30:03,29.67209523809524,21.24,106,4.807692307692308,9.615384615384617,81.73076923076923,3.8461538461538463
2026-07-25 05:40:02,29.845333333333336,21.39,106,4.807692307692308,9.615384615384617,81.73076923076923,3.8461538461538463
2026-07-25 05:50:12,30.002857142857145,21.24,106,4.807692307692308,9.615384615384617,81.73076923076923,3.8461538461538463
2026-07-25 06:00:03,30.312666666666665,22.03,106,4.807692307692308,10.576923076923077,80.76923076923077,3.8461538461538463
2026-07-25 06:10:02,30.869238095238096,22.88,106,4.807692307692308,13.461538461538462,77.88461538461539,3.8461538461538463
2026-07-25 06:20:11,31.216571428571427,23.63,106,4.807692307692308,11.538461538461538,78.84615384615384,4.807692307692308
2026-07-25 06:30:03,31.852285714285713,23.63,106,4.807692307692308,11.538461538461538,77.88461538461539,5.769230769230769
2026-07-25 06:40:02,32.286952380952386,24.62,106,4.807692307692308,11.538461538461538,76.92307692307693,6.730769230769231
2026-07-25 06:50:01,32.57704761904762,25.0,106,4.807692307692308,10.576923076923077,77.88461538461539,6.730769230769231
2026-07-25 07:00:02,33.168,25.0,106,5.714285714285714,10.476190476190476,76.19047619047619,7.6190476190476195
2026-07-25 07:10:02,33.33619047619048,25.0,106,5.714285714285714,11.428571428571429,76.19047619047619,6.666666666666667
2026-07-25 07:20:02,33.695904761904764,25.0,106,5.714285714285714,11.428571428571429,76.19047619047619,6.666666666666667
2026-07-25 07:30:02,34.10771428571429,26.04,106,5.714285714285714,13.333333333333334,74.28571428571429,6.666666666666667
2026-07-25 07:40:02,34.478476190476194,26.04,106,5.714285714285714,15.238095238095239,73.33333333333333,5.714285714285714
2026-07-25 07:50:11,34.636761904761904,25.86,106,5.714285714285714,13.333333333333334,75.23809523809524,5.714285714285714
2026-07-25 08:00:03,34.787333333333336,23.81,106,6.666666666666667,13.333333333333334,72.38095238095238,7.6190476190476195
2026-07-25 08:10:02,35.30485714285714,23.81,106,6.666666666666667,13.333333333333334,72.38095238095238,7.6190476190476195
2026-07-25 08:20:02,35.76457142857143,26.67,106,5.714285714285714,15.238095238095239,71.42857142857143,7.6190476190476195
2026-07-25 08:30:03,36.39904761904762,26.67,106,5.714285714285714,16.19047619047619,69.52380952380952,8.571428571428571
2026-07-25 08:40:02,37.07057142857143,30.78,106,6.666666666666667,15.238095238095239,69.52380952380952,8.571428571428571
2026-07-25 08:50:01,38.407047619047624,31.54,106,6.666666666666667,13.333333333333334,68.57142857142857,11.428571428571429
2026-07-25 09:00:02,39.88990476190476,33.07,106,7.6190476190476195,14.285714285714285,66.66666666666666,11.428571428571429
2026-07-25 09:10:02,41.21152380952381,33.33,106,8.571428571428571,16.19047619047619,63.8095238095238,11.428571428571429
2026-07-25 09:20:11,42.30752380952381,34.05,106,8.571428571428571,17.142857142857142,61.904761904761905,12.380952380952381
2026-07-25 09:30:03,43.65590476190476,35.13,106,10.476190476190476,17.142857142857142,60.0,12.380952380952381
2026-07-25 09:40:02,44.448952380952385,40.0,106,11.428571428571429,18.095238095238095,60.0,10.476190476190476
2026-07-25 09:50:03,45.42714285714286,42.25,106,12.380952380952381,19.047619047619047,58.0952380952381,10.476190476190476
2026-07-25 10:00:02,46.65009523809524,46.67,106,14.285714285714285,19.047619047619047,57.14285714285714,9.523809523809524
2026-07-25 10:10:02,47.048,44.29,106,15.238095238095239,20.952380952380953,54.285714285714285,9.523809523809524
2026-07-25 10:20:02,47.560857142857145,47.31,106,15.238095238095239,26.666666666666668,52.38095238095239,5.714285714285714
2026-07-25 10:30:11,48.22819047619048,48.81,106,14.285714285714285,22.857142857142858,52.38095238095239,10.476190476190476
2026-07-25 10:40:02,49.101333333333336,49.82,106,13.333333333333334,18.095238095238095,52.38095238095239,16.19047619047619
2026-07-25 10:50:10,50.26361904761905,50.69,106,13.333333333333334,21.904761904761905,47.61904761904761,17.142857142857142
2026-07-25 11:00:02,51.11038095238095,53.42,106,14.285714285714285,26.666666666666668,43.80952380952381,15.238095238095239
2026-07-25 11:10:02,51.41085714285715,55.64,106,15.238095238095239,27.61904761904762,41.904761904761905,15.238095238095239
2026-07-25 11:20:11,52.27438095238096,56.55,106,15.238095238095239,26.666666666666668,41.904761904761905,16.19047619047619
2026-07-25 11:30:02,52.544,57.41,106,15.238095238095239,24.761904761904763,42.857142857142854,17.142857142857142
2026-07-25 11:40:12,52.88819047619048,56.55,106,16.19047619047619,22.857142857142858,43.80952380952381,17.142857142857142
2026-07-25 11:50:10,53.353047619047615,58.57,106,17.142857142857142,20.952380952380953,43.80952380952381,18.095238095238095
2026-07-25 12:00:03,53.435428571428574,58.06,106,16.19047619047619,21.904761904761905,42.857142857142854,19.047619047619047
2026-07-25 12:10:12,53.167523809523814,55.71,106,18.095238095238095,22.857142857142858,43.80952380952381,15.238095238095239
2026-07-25 12:20:12,53.45342857142857,56.25,106,18.095238095238095,25.71428571428571,42.857142857142854,13.333333333333334
2026-07-25 12:30:03,53.92819047619048,56.67,106,20.0,19.047619047619047,45.714285714285715,15.238095238095239
2026-07-25 12:40:02,53.42295238095238,55.91,106,20.0,18.095238095238095,47.61904761904761,14.285714285714285
2026-07-25 12:50:02,53.509238095238096,55.38,106,18.095238095238095,17.142857142857142,46.666666666666664,18.095238095238095
2026-07-25 13:00:03,53.16923809523809,55.06,106,18.095238095238095,18.095238095238095,46.666666666666664,17.142857142857142
2026-07-25 13:10:02,52.90571428571429,54.48,106,18.095238095238095,20.0,47.61904761904761,14.285714285714285
2026-07-25 13:20:10,53.16571428571428,53.16,106,16.19047619047619,19.047619047619047,47.61904761904761,17.142857142857142
2026-07-25 13:30:11,53.514761904761905,53.76,106,19.047619047619047,18.095238095238095,46.666666666666664,16.19047619047619
2026-07-25 13:40:03,53.07961904761905,51.43,106,19.047619047619047,15.238095238095239,49.523809523809526,16.19047619047619
2026-07-25 13:50:20,52.983619047619044,51.9,106,20.0,17.142857142857142,48.57142857142857,14.285714285714285
2026-07-25 14:00:02,53.100857142857144,53.1,106,20.0,20.0,46.666666666666664,13.333333333333334
