layer,radius_m,reason,poi_id,name
city_tour,,NO_COORDINATES,CITYTOUR-0001,2.28기념중앙공원
city_tour,,NO_COORDINATES,CITYTOUR-0002,3.1만세운동길
city_tour,,NO_COORDINATES,CITYTOUR-0003,83타워(83 TOWER DAEGU)
city_tour,,NO_COORDINATES,CITYTOUR-0004,DTC섬유박물관
city_tour,,NO_COORDINATES,CITYTOUR-0005,Vintage
city_tour,,NO_COORDINATES,CITYTOUR-0006,갓바위
city_tour,,NO_COORDINATES,CITYTOUR-0007,강정고령보 - 디아크(The ARC)
city_tour,,NO_COORDINATES,CITYTOUR-0008,경북대학교 가로수길(백양로)
city_tour,,NO_COORDINATES,CITYTOUR-0009,경북대학교 박물관
city_tour,,NO_COORDINATES,CITYTOUR-0010,경북대학교 자연사박물관
city_tour,,NO_COORDINATES,CITYTOUR-0011,경상감영공원
city_tour,,NO_COORDINATES,CITYTOUR-0012,계명대학교 행소 박물관
city_tour,,NO_COORDINATES,CITYTOUR-0013,계산성당
city_tour,,NO_COORDINATES,CITYTOUR-0014,고모령
city_tour,,NO_COORDINATES,CITYTOUR-0015,고모역 복합문화공간
city_tour,,NO_COORDINATES,CITYTOUR-0016,고산골 공룡공원
city_tour,,NO_COORDINATES,CITYTOUR-0017,곽재우 장군 묘소
city_tour,,NO_COORDINATES,CITYTOUR-0018,관덕정 순교 기념관
city_tour,,NO_COORDINATES,CITYTOUR-0019,구암 팜스테이 농촌체험 마을
city_tour,,NO_COORDINATES,CITYTOUR-0020,구암 팜스테이 체험장
city_tour,,NO_COORDINATES,CITYTOUR-0021,구암서원
city_tour,,NO_COORDINATES,CITYTOUR-0022,구암서원 전통문화 체험
city_tour,,NO_COORDINATES,CITYTOUR-0023,국립대구과학관
city_tour,,NO_COORDINATES,CITYTOUR-0024,국립대구기상과학관
city_tour,,NO_COORDINATES,CITYTOUR-0025,국립대구박물관
city_tour,,NO_COORDINATES,CITYTOUR-0026,국채보상운동기념공원
city_tour,,NO_COORDINATES,CITYTOUR-0027,군위 삼존석굴
city_tour,,NO_COORDINATES,CITYTOUR-0028,군위댐
city_tour,,NO_COORDINATES,CITYTOUR-0029,군위향교
city_tour,,NO_COORDINATES,CITYTOUR-0030,군조 왜가리 서식지
city_tour,,NO_COORDINATES,CITYTOUR-0031,귀금속거리
city_tour,,NO_COORDINATES,CITYTOUR-0032,금호강 자연생태공원
city_tour,,NO_COORDINATES,CITYTOUR-0033,김광석 다시 그리기 길
city_tour,,NO_COORDINATES,CITYTOUR-0034,김수환 추기경 사랑과 나눔 공원
city_tour,,NO_COORDINATES,CITYTOUR-0035,김처정 재령이씨 효열각
city_tour,,NO_COORDINATES,CITYTOUR-0036,낙동강 승전기념관
city_tour,,NO_COORDINATES,CITYTOUR-0037,남산동 가톨릭타운
city_tour,,NO_COORDINATES,CITYTOUR-0038,남지장사
city_tour,,NO_COORDINATES,CITYTOUR-0039,노사평화의 전당
city_tour,,NO_COORDINATES,CITYTOUR-0040,노태우 전대통령 생가
city_tour,,NO_COORDINATES,CITYTOUR-0041,녹동서원
city_tour,,NO_COORDINATES,CITYTOUR-0042,녹동서원 충절관
city_tour,,NO_COORDINATES,CITYTOUR-0043,달성공원
city_tour,,NO_COORDINATES,CITYTOUR-0044,달성습지
city_tour,,NO_COORDINATES,CITYTOUR-0045,대구 근대골목
city_tour,,NO_COORDINATES,CITYTOUR-0046,대구 아쿠아리움
city_tour,,NO_COORDINATES,CITYTOUR-0047,대구 제일교회 기독교 역사관
city_tour,,NO_COORDINATES,CITYTOUR-0048,대구간송미술관
city_tour,,NO_COORDINATES,CITYTOUR-0049,대구공항 면세점
city_tour,,NO_COORDINATES,CITYTOUR-0050,대구관광정보센터 특산물전시 판매장
city_tour,,NO_COORDINATES,CITYTOUR-0051,대구교육대학교 교육박물관
city_tour,,NO_COORDINATES,CITYTOUR-0052,대구국제사격장(사격체험)
city_tour,,NO_COORDINATES,CITYTOUR-0053,대구근대역사관
city_tour,,NO_COORDINATES,CITYTOUR-0054,대구기업명품관
city_tour,,NO_COORDINATES,CITYTOUR-0055,대구도동 측백나무숲
city_tour,,NO_COORDINATES,CITYTOUR-0056,대구무형유산전수교육관
city_tour,,NO_COORDINATES,CITYTOUR-0057,대구문학관 / 향촌문화관
city_tour,,NO_COORDINATES,CITYTOUR-0058,대구문화예술회관
city_tour,,NO_COORDINATES,CITYTOUR-0059,대구미술관
city_tour,,NO_COORDINATES,CITYTOUR-0060,대구미술광장
city_tour,,NO_COORDINATES,CITYTOUR-0061,대구방짜유기박물관
city_tour,,NO_COORDINATES,CITYTOUR-0062,대구삼성라이온즈파크
city_tour,,NO_COORDINATES,CITYTOUR-0063,대구수목원
city_tour,,NO_COORDINATES,CITYTOUR-0064,대구스타디움
city_tour,,NO_COORDINATES,CITYTOUR-0065,대구스포츠 기념관
city_tour,,NO_COORDINATES,CITYTOUR-0066,대구시민안전테마파크
city_tour,,NO_COORDINATES,CITYTOUR-0067,대구신세계백화점
city_tour,,NO_COORDINATES,CITYTOUR-0068,대구약령시 한방의료체험타운
city_tour,,NO_COORDINATES,CITYTOUR-0069,대구예술발전소
city_tour,,NO_COORDINATES,CITYTOUR-0070,대구오페라하우스
city_tour,,NO_COORDINATES,CITYTOUR-0071,대구올레 팔공산 1코스
city_tour,,NO_COORDINATES,CITYTOUR-0072,대구전시컨벤션센터(EXCO)
city_tour,,NO_COORDINATES,CITYTOUR-0073,대구종합유통단지
city_tour,,NO_COORDINATES,CITYTOUR-0074,대구콘서트하우스
city_tour,,NO_COORDINATES,CITYTOUR-0075,대구향교
city_tour,,NO_COORDINATES,CITYTOUR-0076,대구환경공단
city_tour,,NO_COORDINATES,CITYTOUR-0077,대덕문화전당
city_tour,,NO_COORDINATES,CITYTOUR-0078,대명공연거리
city_tour,,NO_COORDINATES,CITYTOUR-0079,대율리 송림
city_tour,,NO_COORDINATES,CITYTOUR-0080,대한수목원
city_tour,,NO_COORDINATES,CITYTOUR-0081,도동서원
city_tour,,NO_COORDINATES,CITYTOUR-0082,도성암
city_tour,,NO_COORDINATES,CITYTOUR-0083,동구 공예 전시장
city_tour,,NO_COORDINATES,CITYTOUR-0084,동무생각 노래비
city_tour,,NO_COORDINATES,CITYTOUR-0085,동산계곡
city_tour,,NO_COORDINATES,CITYTOUR-0086,동산의료원 의료선교 박물관
city_tour,,NO_COORDINATES,CITYTOUR-0087,동성로
city_tour,,NO_COORDINATES,CITYTOUR-0088,동성로 스파크
city_tour,,NO_COORDINATES,CITYTOUR-0089,동촌유원지
city_tour,,NO_COORDINATES,CITYTOUR-0090,동화사
city_tour,,NO_COORDINATES,CITYTOUR-0091,동화사 다도체험
city_tour,,NO_COORDINATES,CITYTOUR-0092,동화사 템플스테이 체험
city_tour,,NO_COORDINATES,CITYTOUR-0093,두류공원
city_tour,,NO_COORDINATES,CITYTOUR-0094,들안길 먹거리타운
city_tour,,NO_COORDINATES,CITYTOUR-0095,땅땅랜드(치킨체험 테마파크)
city_tour,,NO_COORDINATES,CITYTOUR-0096,로데오거리
city_tour,,NO_COORDINATES,CITYTOUR-0097,롯데 아울렛 대구 율하점
city_tour,,NO_COORDINATES,CITYTOUR-0098,롯데몰 이시아폴리스점
city_tour,,NO_COORDINATES,CITYTOUR-0099,리틀포레스트 촬영지
city_tour,,NO_COORDINATES,CITYTOUR-0100,마비정벽화마을
city_tour,,NO_COORDINATES,CITYTOUR-0101,망우당공원
city_tour,,NO_COORDINATES,CITYTOUR-0102,메디시티대구명품브랜드판매장
city_tour,,NO_COORDINATES,CITYTOUR-0103,모명재
city_tour,,NO_COORDINATES,CITYTOUR-0104,묘골마을과 육신사
city_tour,,NO_COORDINATES,CITYTOUR-0105,문화예술거리 이태원길
city_tour,,NO_COORDINATES,CITYTOUR-0106,미도다방
city_tour,,NO_COORDINATES,CITYTOUR-0107,미즈사키 린따로 묘소
city_tour,,NO_COORDINATES,CITYTOUR-0108,박물관 휴르
city_tour,,NO_COORDINATES,CITYTOUR-0109,법주사
city_tour,,NO_COORDINATES,CITYTOUR-0110,벨벳 갤러리 관람 및 체험
city_tour,,NO_COORDINATES,CITYTOUR-0111,벨벳 갤러리 영도다움
city_tour,,NO_COORDINATES,CITYTOUR-0112,보현사
city_tour,,NO_COORDINATES,CITYTOUR-0113,봉무공원
city_tour,,NO_COORDINATES,CITYTOUR-0114,봉산문화거리
city_tour,,NO_COORDINATES,CITYTOUR-0115,봉산문화회관
city_tour,,NO_COORDINATES,CITYTOUR-0116,부인사
city_tour,,NO_COORDINATES,CITYTOUR-0117,북성로공구박물관
city_tour,,NO_COORDINATES,CITYTOUR-0118,북지장사
city_tour,,NO_COORDINATES,CITYTOUR-0119,불로동 고분군
city_tour,,NO_COORDINATES,CITYTOUR-0120,비슬산군립공원
city_tour,,NO_COORDINATES,CITYTOUR-0121,사라온이야기마을
city_tour,,NO_COORDINATES,CITYTOUR-0122,사명당대장 진영
city_tour,,NO_COORDINATES,CITYTOUR-0123,사문진나루터
city_tour,,NO_COORDINATES,CITYTOUR-0124,사문진주막촌
city_tour,,NO_COORDINATES,CITYTOUR-0125,사유원
city_tour,,NO_COORDINATES,CITYTOUR-0126,삼가헌
city_tour,,NO_COORDINATES,CITYTOUR-0127,삼국유사테마파크
city_tour,,NO_COORDINATES,CITYTOUR-0128,삼덕동 벽화마을
city_tour,,NO_COORDINATES,CITYTOUR-0129,삼덕동벽화골목
city_tour,,NO_COORDINATES,CITYTOUR-0130,삼성상회 옛터
city_tour,,NO_COORDINATES,CITYTOUR-0131,삼송베이커리
city_tour,,NO_COORDINATES,CITYTOUR-0132,삼충사 묘정각
city_tour,,NO_COORDINATES,CITYTOUR-0133,서문시장
city_tour,,NO_COORDINATES,CITYTOUR-0134,석산리 산촌생태마을
city_tour,,NO_COORDINATES,CITYTOUR-0135,섬유제품관
city_tour,,NO_COORDINATES,CITYTOUR-0136,성모당
city_tour,,NO_COORDINATES,CITYTOUR-0137,소재사
city_tour,,NO_COORDINATES,CITYTOUR-0138,송광매 기념관(송광매원)
city_tour,,NO_COORDINATES,CITYTOUR-0139,수성랜드
city_tour,,NO_COORDINATES,CITYTOUR-0140,수성못유원지
city_tour,,NO_COORDINATES,CITYTOUR-0141,수성아트피아
city_tour,,NO_COORDINATES,CITYTOUR-0142,수제화골목
city_tour,,NO_COORDINATES,CITYTOUR-0143,수창청춘맨숀
city_tour,,NO_COORDINATES,CITYTOUR-0144,수태골
city_tour,,NO_COORDINATES,CITYTOUR-0145,수태사
city_tour,,NO_COORDINATES,CITYTOUR-0146,순천박씨 세거지
city_tour,,NO_COORDINATES,CITYTOUR-0147,스파밸리
city_tour,,NO_COORDINATES,CITYTOUR-0148,신숭겸 장군 유적지
city_tour,,NO_COORDINATES,CITYTOUR-0149,신천
city_tour,,NO_COORDINATES,CITYTOUR-0150,아미산
city_tour,,NO_COORDINATES,CITYTOUR-0151,아양기찻길
city_tour,,NO_COORDINATES,CITYTOUR-0152,아양아트센터
city_tour,,NO_COORDINATES,CITYTOUR-0153,안지랑 곱창골목
city_tour,,NO_COORDINATES,CITYTOUR-0154,압곡사
city_tour,,NO_COORDINATES,CITYTOUR-0155,앞산 맛둘레길
city_tour,,NO_COORDINATES,CITYTOUR-0156,앞산 카페거리
city_tour,,NO_COORDINATES,CITYTOUR-0157,앞산 케이블카
city_tour,,NO_COORDINATES,CITYTOUR-0158,앞산공원
city_tour,,NO_COORDINATES,CITYTOUR-0159,앞산전망대
city_tour,,NO_COORDINATES,CITYTOUR-0160,앞산해넘이 전망대
city_tour,,NO_COORDINATES,CITYTOUR-0161,약령시 웰빙 체험
city_tour,,NO_COORDINATES,CITYTOUR-0162,약령시 한의약박물관
city_tour,,NO_COORDINATES,CITYTOUR-0163,어린이세상
city_tour,,NO_COORDINATES,CITYTOUR-0164,어슬렁대추정원
city_tour,,NO_COORDINATES,CITYTOUR-0165,어울아트센터
city_tour,,NO_COORDINATES,CITYTOUR-0166,에스투뷰텍 라운지
city_tour,,NO_COORDINATES,CITYTOUR-0167,에코테마파크 대구 숲(휴업중)
city_tour,,NO_COORDINATES,CITYTOUR-0168,염불암 계곡
city_tour,,NO_COORDINATES,CITYTOUR-0169,영남대로
city_tour,,NO_COORDINATES,CITYTOUR-0170,영남제일관
city_tour,,NO_COORDINATES,CITYTOUR-0171,영상분수
city_tour,,NO_COORDINATES,CITYTOUR-0172,예전소극장
city_tour,,NO_COORDINATES,CITYTOUR-0173,오토바이골목
city_tour,,NO_COORDINATES,CITYTOUR-0174,옥연지 송해공원
city_tour,,NO_COORDINATES,CITYTOUR-0175,온천엘리바덴
city_tour,,NO_COORDINATES,CITYTOUR-0176,옹기종기행복마을
city_tour,,NO_COORDINATES,CITYTOUR-0177,옹기종기행복마을
city_tour,,NO_COORDINATES,CITYTOUR-0178,옻골동산
city_tour,,NO_COORDINATES,CITYTOUR-0179,옻골마을 전통문화 체험
city_tour,,NO_COORDINATES,CITYTOUR-0180,옻골마을(경주최씨 종가)
city_tour,,NO_COORDINATES,CITYTOUR-0181,와룡산 상리봉 전망대
city_tour,,NO_COORDINATES,CITYTOUR-0182,용연사
city_tour,,NO_COORDINATES,CITYTOUR-0183,원효구도의 길
city_tour,,NO_COORDINATES,CITYTOUR-0184,월곡역사 박물관
city_tour,,NO_COORDINATES,CITYTOUR-0185,월광수변공원
city_tour,,NO_COORDINATES,CITYTOUR-0186,위천수변테마공원
city_tour,,NO_COORDINATES,CITYTOUR-0187,유가사
city_tour,,NO_COORDINATES,CITYTOUR-0188,유치곤 장군 호국 기념관
city_tour,,NO_COORDINATES,CITYTOUR-0189,육신사
city_tour,,NO_COORDINATES,CITYTOUR-0190,음악다방 쎄라비
city_tour,,NO_COORDINATES,CITYTOUR-0191,의흥향교
city_tour,,NO_COORDINATES,CITYTOUR-0192,"이상화고택, 서상돈고택"
city_tour,,NO_COORDINATES,CITYTOUR-0193,이상화묘
city_tour,,NO_COORDINATES,CITYTOUR-0194,이월드(E-World)
city_tour,,NO_COORDINATES,CITYTOUR-0195,이천동 고미술거리
city_tour,,NO_COORDINATES,CITYTOUR-0196,이현공원
city_tour,,NO_COORDINATES,CITYTOUR-0197,인각사
city_tour,,NO_COORDINATES,CITYTOUR-0198,인흥마을(남평문씨 본리 세거지)
city_tour,,NO_COORDINATES,CITYTOUR-0199,인흥서원
city_tour,,NO_COORDINATES,CITYTOUR-0200,일연공원
city_tour,,NO_COORDINATES,CITYTOUR-0201,일연테마로드
city_tour,,NO_COORDINATES,CITYTOUR-0202,자동차 부속상 거리
city_tour,,NO_COORDINATES,CITYTOUR-0203,자연염색박물관
city_tour,,NO_COORDINATES,CITYTOUR-0204,장곡자연휴양림
city_tour,,NO_COORDINATES,CITYTOUR-0205,조길방 가옥
city_tour,,NO_COORDINATES,CITYTOUR-0206,지보사
city_tour,,NO_COORDINATES,CITYTOUR-0207,창평지생태공원
city_tour,,NO_COORDINATES,CITYTOUR-0208,첨단의료복합단지
city_tour,,NO_COORDINATES,CITYTOUR-0209,청라언덕
city_tour,,NO_COORDINATES,CITYTOUR-0210,추억의학교 엄마아빠어렸을적에(화본마을)
city_tour,,NO_COORDINATES,CITYTOUR-0211,칠곡향교
city_tour,,NO_COORDINATES,CITYTOUR-0212,코오롱야외음악당
city_tour,,NO_COORDINATES,CITYTOUR-0213,퀸스로드
city_tour,,NO_COORDINATES,CITYTOUR-0214,태고정
city_tour,,NO_COORDINATES,CITYTOUR-0215,파계사
city_tour,,NO_COORDINATES,CITYTOUR-0216,파군재
city_tour,,NO_COORDINATES,CITYTOUR-0217,팔공산 하늘정원
city_tour,,NO_COORDINATES,CITYTOUR-0218,팔공산국립공원
city_tour,,NO_COORDINATES,CITYTOUR-0219,팔공산케이블카
city_tour,,NO_COORDINATES,CITYTOUR-0220,패션디자인개발지원센터
city_tour,,NO_COORDINATES,CITYTOUR-0221,패션쥬얼리 체험
city_tour,,NO_COORDINATES,CITYTOUR-0222,하목정
city_tour,,NO_COORDINATES,CITYTOUR-0223,하이마트 고전음악감상실
city_tour,,NO_COORDINATES,CITYTOUR-0224,하중도
city_tour,,NO_COORDINATES,CITYTOUR-0225,학소대
city_tour,,NO_COORDINATES,CITYTOUR-0226,한국섬유개발연구원
city_tour,,NO_COORDINATES,CITYTOUR-0227,한국영상 박물관
city_tour,,NO_COORDINATES,CITYTOUR-0228,한국은행 화폐 전시관
city_tour,,NO_COORDINATES,CITYTOUR-0229,한밤마을
city_tour,,NO_COORDINATES,CITYTOUR-0230,한방 화장품 만들기 체험
city_tour,,NO_COORDINATES,CITYTOUR-0231,한천서원
city_tour,,NO_COORDINATES,CITYTOUR-0232,항일독립운동기념탑
city_tour,,NO_COORDINATES,CITYTOUR-0233,현풍곽씨 12정려각
city_tour,,NO_COORDINATES,CITYTOUR-0234,현풍석빙고
city_tour,,NO_COORDINATES,CITYTOUR-0235,현풍향교
city_tour,,NO_COORDINATES,CITYTOUR-0236,화본역
city_tour,,NO_COORDINATES,CITYTOUR-0237,화산마을(화산산성)
city_tour,,NO_COORDINATES,CITYTOUR-0238,화원동산
city_tour,,NO_COORDINATES,CITYTOUR-0239,힐링파크포니목장
